index,ProviderNumber,HospitalName,Address1,Address2,Address3,City,State,ZipCode,CountyName,PhoneNumber,HospitalType,HospitalOwner,EmergencyService,Condition,MeasureCode,MeasureName,Score,Sample,Stateavg
1,10023,baptist medical center south,2105 east south boulevard,empty,empty,montgomery,al,36116,montgomery,3342882100,acute care hospitals,voluntary non-profit - church,yes,pneumonia,pn-7,pneumonia patients assessed and given influenza vaccination,92%,87 patients,al_pn-7
2,10009,hartselle medical center,201 pine street northwest,empty,empty,hartselle,al,35640,morgan,2567736511,acute care hospitals,proprietary,yes,pneumonia,pn-4,pneumonia patients given smoking cessation advice/counseling,100%,25 patients,al_pn-4
3,10011,st vincents east,50 medical park east drive,empty,empty,birmingham,al,35235,jefferson,2058383122,acute care hospitals,voluntary non-profit - private,yes,surgical infection prevention,scip-inf-2,surgery patients who were given the  right kind  of antibiotic to help prevent infection,98%,473 patients,al_scip-inf-2
4,10012,dekalb regional medical center,200 med center drive,empty,empty,fort payne,al,35968,de kalb,2568453150,acute care hospitals,voluntary non-profit - church,yes,heart failure,hf-3,heart failure patients given ace inhibitor or arb for left ventricular systolic dysfunction (lvsd),94%,36 patients,al_hf-3
5,10012,dekalb regional medical center,200 med center drive,empty,empty,fort payne,al,35968,de kalb,2568453150,acute care hospitals,voluntary non-profit - church,yes,surgical infection prevention,scip-inf-2,surgery patients who were given the  right kind  of antibiotic to help prevent infection,99%,147 patients,al_scip-inf-2
6,10015,southwest alabama medical center,33700 highway 43,empty,empty,thomasville,al,36784,clarke,3346366221,acute care hospitals,government - federal,yes,pneumonia,pn-3b,pneumonia patients whose initial emergency room blood culture was performed prior to the administration of the first hospital dose of antibiotics,96%,24 patients,al_pn-3b
7,10055,flowers hospital,4370 west main street,empty,empty,dothan,al,36305,houston,3347935000,acute care hospitals,proprietary,yes,heart failure,hf-3,heart failure patients given ace inhibitor or arb for left ventricular systolic dysfunction (lvsd),100%,94 patients,al_hf-3
8,10087,univ of south alabama medical center,2451 fillingim street,empty,empty,mobile,al,36617,mobile,2514717110,acute care hospitals,government - state,yes,heart failure,hf-1,heart failure patients given discharge instructions,83%,146 patients,al_hf-1
9,10108,prattville baptist hospital,124 s memorial dr,empty,empty,prattville,al,36067,autauga,3343614267,acute care hospitals,voluntary non-profit - private,yes,surgical infection prevention,scip-inf-3,surgery patients whose preventive antibiotics were stopped at the right time (within 24 hours after surgery),100%,10 patients,al_scip-inf-3
10,10022,cherokee medical center,400 northwood dr,empty,empty,centre,al,35960,cherokee,2569275531,acute care hospitals,voluntary non-profit - private,yes,heart attack,ami-3,heart attack patients given ace inhibitor or arb for left ventricular systolic dysfunction (lvsd),empty,0 patients,al_ami-3
11,10025,g h lanier memorial hospital,4800 48th st,empty,empty,valley,al,36854,chambers,3347561400,acute care hospitals,voluntary non-profit - other,yes,heart attack,ami-8a,heart attack patients given pci within 90 minutes of arrival,empty,0 patients,al_ami-8a
12,10034,community hospital inc,805 friendship road,empty,empty,tallassee,al,36078,elmore,3342836541,acute care hospitals,voluntary non-profit - private,no,heart failure,hf-1,heart failure patients given discharge instructions,88%,65 patients,al_hf-1
13,10049,medical center enterprise,400 n edwards street,empty,empty,enterprise,al,36330,coffee,3343470584,acute care hospitals,proprietary,yes,heart attack,ami-2,heart attack patients given aspirin at discharge,100%,1 patients,al_ami-2
14,10001,southeast alabama medical center,1108 ross clark circle,empty,empty,dothan,al,36302,houston,3347938701,acute care hospitals,government - hospital district or authority,yes,heart attack,ami-4,heart attack patients given smoking cessation advice/counseling,100%,244 patients,al_ami-4
15,10001,southeast alabama medical center,1108 ross clark circle,empty,empty,dothan,al,36302,houston,3347938701,acute care hospitals,government - hospital district or authority,yes,heart attack,ami-7a,heart attack patients given fibrinolytic medication within 30 minutes of arrival,empty,0 patients,al_ami-7a
16,10001,southeast alabama medical center,1108 ross clark circle,empty,empty,dothan,al,36302,houston,3347938701,acute care hospitals,government - hospital district or authority,yes,surgical infection prevention,scip-vte-1,surgery patients whose doctors ordered treatments to prevent blood clots after certain types of surgeries,86%,185 patients,al_scip-vte-1
17,10005,marshall medical center south,2505 u s highway 431 north,empty,empty,boaz,al,35957,marshall,2565938310,acute care hospitals,government - hospital district or authority,yes,pneumonia,pn-3b,pneumonia patients whose initial emergency room blood culture was performed prior to the administration of the first hospital dose of antibiotics,97%,120 patients,al_pn-3b
18,10005,marshall medical center south,2505 u s highway 431 north,empty,empty,boaz,al,35957,marshall,2565938310,acute care hospitals,government - hospital district or authority,yes,pneumonia,pn-4,pneumonia patients given smoking cessation advice/counseling,97%,98 patients,al_pn-4
19,10006,eliza coffee memorial hospital,205 marengo street,empty,empty,florence,al,35631,lauderdale,2567688400,acute care hospitals,voluntary non-profit - other,yes,surgical infection prevention,scip-vte-2,patients who got treatment  at the right time (within 24 hours before or after their surgery) to help prevent blood clots after certain types of surgery,92%,242 patients,al_scip-vte-2
20,10007,mizell memorial hospital,702 n main st,empty,empty,opp,al,36467,covington,3344933541,acute care hospitals,voluntary non-profit - private,no,heart attack,ami-1,heart attack patients given aspirin at arrival,60%,5 patients,al_ami-1
21,10007,mizell memorial hospital,702 n main st,empty,empty,opp,al,36467,covington,3344933541,acute care hospitals,voluntary non-profit - private,no,heart attack,ami-5,heart attack patients given beta blocker at discharge,100%,2 patients,al_ami-5
22,10007,mizell memorial hospital,702 n main st,empty,empty,opp,al,36467,covington,3344933541,acute care hospitals,voluntary non-profit - private,no,heart failure,hf-1,heart failure patients given discharge instructions,98%,59 patients,al_hf-1
23,10008,crenshaw community hospital,101 hospital circle,empty,empty,luverne,al,36049,crenshaw,3343353374,acute care hospitals,government - federal,yes,heart attack,ami-1,heart attack patients given aspirin at arrival,0%,1 patients,al_ami-1
24,10008,crenshaw community hospital,101 hospital circle,empty,empty,luverne,al,36049,crenshaw,3343353374,acute care hospitals,government - federal,yes,heart attack,ami-2,heart attack patients given aspirin at discharge,100%,1 patients,al_ami-2
25,10011,st vincents east,50 medical park east drive,empty,empty,birmingham,al,35235,jefferson,2058383122,acute care hospitals,voluntary non-profit - private,yes,heart attack,ami-7a,heart attack patients given fibrinolytic medication within 30 minutes of arrival,empty,0 patients,al_ami-7a
26,10011,st vincents east,50 medical park east drive,empty,empty,birmingham,al,35235,jefferson,2058383122,acute care hospitals,voluntary non-profit - private,yes,surgical infection prevention,scip-inf-6,surgery patients needing hair removed from the surgical area before surgery who had hair removed using a safer method (electric clippers or hair removal cream c not a razor),100%,601 patients,al_scip-inf-6
27,10012,dekalb regional medical center,200 med center drive,empty,empty,fort payne,al,35968,de kalb,2568453150,acute care hospitals,voluntary non-profit - church,yes,heart attack,ami-3,heart attack patients given ace inhibitor or arb for left ventricular systolic dysfunction (lvsd),91%,11 patients,al_ami-3
28,10015,southwest alabama medical center,33700 highway 43,empty,empty,thomasville,al,36784,clarke,3346366221,acute care hospitals,government - federal,yes,heart attack,ami-1,heart attack patients given aspirin at arrival,empty,0 patients,al_ami-1
29,10015,southwest alabama medical center,33700 highway 43,empty,empty,thomasville,al,36784,clarke,3346366221,acute care hospitals,government - federal,yes,heart attack,ami-4,heart attack patients given smoking cessation advice/counseling,empty,0 patients,al_ami-4
30,10015,southwest alabama medical center,33700 highway 43,empty,empty,thomasville,al,36784,clarke,3346366221,acute care hospitals,government - federal,yes,heart failure,hf-2,heart failure patients given an evaluation of left ventricular systolic (lvs) function,89%,91 patients,al_hf-2
31,10015,southwest alabama medical center,33700 highway 43,empty,empty,thomasville,al,36784,clarke,3346366221,acute care hospitals,government - federal,yes,surgical infection prevention,scip-inf-3,surgery patients whose preventive antibiotics were stopped at the right time (within 24 hours after surgery),86%,14 patients,al_scip-inf-3
32,10016,shelby baptist medical center,1000 first street north,empty,empty,alabaster,al,35007,shelby,2056208100,acute care hospitals,voluntary non-profit - church,yes,surgical infection prevention,scip-inf-4,all heart surgery patients whose blood sugar (blood glucose) is kept under good control in the days right after surgery,93%,116 patients,al_scip-inf-4
33,10038,stringfellow memorial hospital,301 east 18th st,empty,empty,anniston,al,36201,calhoun,2562358900,acute care hospitals,proprietary,yes,heart attack,ami-4,heart attack patients given smoking cessation advice/counseling,100%,29 patients,al_ami-4
34,10055,flowers hospital,4370 west main street,empty,empty,dothan,al,36305,houston,3347935000,acute care hospitals,proprietary,yes,pneumonia,pn-2,pneumonia patients assessed and given pneumococcal vaccination,100%,166 patients,al_pn-2
35,10055,flowers hospital,4370 west main street,empty,empty,dothan,al,36305,houston,3347935000,acute care hospitals,proprietary,yes,surgical infection prevention,scip-vte-1,surgery patients whose doctors ordered treatments to prevent blood clots after certain types of surgeries,100%,497 patients,al_scip-vte-1
36,10056,st vincents hospital,810 st vincents drive,empty,empty,birmingham,al,35205,jefferson,2059397000,acute care hospitals,voluntary non-profit - other,yes,heart attack,ami-3,heart attack patients given ace inhibitor or arb for left ventricular systolic dysfunction (lvsd),85%,41 patients,al_ami-3
37,10086,northwest medical center,1530 u s highway 43,empty,empty,winfield,al,35594,marion,2054877736,acute care hospitals,proprietary,yes,heart attack,ami-3,heart attack patients given ace inhibitor or arb for left ventricular systolic dysfunction (lvsd),100%,2 patients,al_ami-3
38,10086,northwest medical center,1530 u s highway 43,empty,empty,winfield,al,35594,marion,2054877736,acute care hospitals,proprietary,yes,pneumonia,pn-3b,pneumonia patients whose initial emergency room blood culture was performed prior to the administration of the first hospital dose of antibiotics,98%,59 patients,al_pn-3b
39,10087,univ of south alabama medical center,2451 fillingim street,empty,empty,mobile,al,36617,mobile,2514717110,acute care hospitals,government - state,yes,heart attack,ami-7a,heart attack patients given fibrinolytic medication within 30 minutes of arrival,empty,0 patients,al_ami-7a
40,10087,univ of south alabama medical center,2451 fillingim street,empty,empty,mobile,al,36617,mobile,2514717110,acute care hospitals,government - state,yes,heart failure,hf-4,heart failure patients given smoking cessation advice/counseling,100%,45 patients,al_hf-4
41,10108,prattville baptist hospital,124 s memorial dr,empty,empty,prattville,al,36067,autauga,3343614267,acute care hospitals,voluntary non-profit - private,yes,heart attack,ami-3,heart attack patients given ace inhibitor or arb for left ventricular systolic dysfunction (lvsd),67%,3 patients,al_ami-3
42,10158,russellville hospital,15155 highway 43,empty,empty,russellville,al,35653,franklin,2563321611,acute care hospitals,proprietary,yes,surgical infection prevention,scip-vte-2,patients who got treatment  at the right time (within 24 hours before or after their surgery) to help prevent blood clots after certain types of surgery,98%,125 patients,al_scip-vte-2
43,10164,coosa valley medical center,315 w hickory st,empty,empty,sylacauga,al,35150,talladega,2562495000,acute care hospitals,voluntary non-profit - other,no,heart attack,ami-2,heart attack patients given aspirin at discharge,100%,3 patients,al_ami-2
44,10164,coosa valley medical center,315 w hickory st,empty,empty,sylacauga,al,35150,talladega,2562495000,acute care hospitals,voluntary non-profit - other,no,heart attack,ami-5,heart attack patients given beta blocker at discharge,100%,4 patients,al_ami-5
45,10019,helen keller memorial hospital,1300 south montgomery avenue,empty,empty,sheffield,al,35660,jefferson,2563864556,acute care hospitals,government - hospital district or authority,yes,pneumonia,pn-6,pneumonia patients given the most appropriate initial antibiotic(s),86%,139 patients,al_pn-6
46,10021,dale medical center,126 hospital ave,empty,empty,ozark,al,36360,dale,3347742601,acute care hospitals,government - hospital district or authority,yes,pneumonia,pn-2,pneumonia patients assessed and given pneumococcal vaccination,85%,80 patients,al_pn-2
47,10021,dale medical center,126 hospital ave,empty,empty,ozark,al,36360,dale,3347742601,acute care hospitals,government - hospital district or authority,yes,surgical infection prevention,scip-vte-2,patients who got treatment  at the right time (within 24 hours before or after their surgery) to help prevent blood clots after certain types of surgery,68%,50 patients,al_scip-vte-2
48,10022,cherokee medical center,400 northwood dr,empty,empty,centre,al,35960,cherokee,2569275531,acute care hospitals,voluntary non-profit - private,yes,pneumonia,pn-2,pneumonia patients assessed and given pneumococcal vaccination,93%,44 patients,al_pn-2
49,10022,cherokee medical center,400 northwood dr,empty,empty,centre,al,35960,cherokee,2569275531,acute care hospitals,voluntary non-profit - private,yes,pneumonia,pn-6,pneumonia patients given the most appropriate initial antibiotic(s),93%,44 patients,al_pn-6
50,10024,jackson hospital & clinic inc,1725 pine street,empty,empty,montgomery,al,36106,montgomery,3342938000,acute care hospitals,voluntary non-profit - private,yes,pneumonia,pn-5c,pneumonia patients given initial antibiotic(s) within 6 hours after arrival,88%,233 patients,al_pn-5c
51,10024,jackson hospital & clinic inc,1725 pine street,empty,empty,montgomery,al,36106,montgomery,3342938000,acute care hospitals,voluntary non-profit - private,yes,surgical infection prevention,scip-inf-1,surgery patients who were given an antibiotic at the right time (within one hour before surgery) to help prevent infection,78%,844 patients,al_scip-inf-1
52,10024,jackson hospital & clinic inc,1725 pine street,empty,empty,montgomery,al,36106,montgomery,3342938000,acute care hospitals,voluntary non-profit - private,yes,surgical infection prevention,scip-inf-4,all heart surgery patients whose blood sugar (blood glucose) is kept under good control in the days right after surgery,72%,270 patients,al_scip-inf-4
53,10024,jackson hospital & clinic inc,1725 pine street,empty,empty,montgomery,al,36106,montgomery,3342938000,acute care hospitals,voluntary non-profit - private,yes,surgical infection prevention,scip-vte-1,surgery patients whose doctors ordered treatments to prevent blood clots after certain types of surgeries,92%,263 patients,al_scip-vte-1
54,10025,g h lanier memorial hospital,4800 48th st,empty,empty,valley,al,36854,chambers,3347561400,acute care hospitals,voluntary non-profit - other,yes,pneumonia,pn-3b,pneumonia patients whose initial emergency room blood culture was performed prior to the administration of the first hospital dose of antibiotics,95%,43 patients,al_pn-3b
55,10025,g h lanier memorial hospital,4800 48th st,empty,empty,valley,al,36854,chambers,3347561400,acute care hospitals,voluntary non-profit - other,yes,pneumonia,pn-5c,pneumonia patients given initial antibiotic(s) within 6 hours after arrival,82%,50 patients,al_pn-5c
56,10025,g h lanier memorial hospital,4800 48th st,empty,empty,valley,al,36854,chambers,3347561400,acute care hospitals,voluntary non-profit - other,yes,surgical infection prevention,scip-inf-6,surgery patients needing hair removed from the surgical area before surgery who had hair removed using a safer method (electric clippers or hair removal cream c not a razor),96%,172 patients,al_scip-inf-6
57,10025,g h lanier memorial hospital,4800 48th st,empty,empty,valley,al,36854,chambers,3347561400,acute care hospitals,voluntary non-profit - other,yes,surgical infection prevention,scip-vte-2,patients who got treatment  at the right time (within 24 hours before or after their surgery) to help prevent blood clots after certain types of surgery,82%,84 patients,al_scip-vte-2
58,10027,elba general hospital,987 drayton street,empty,empty,elba,al,36323,coffee,3348972257,acute care hospitals,voluntary non-profit - other,yes,surgical infection prevention,scip-card-2,surgery patients who were taking heart drugs called beta blockers before coming to the hospital who were kept on the beta blockers during the period just before and after their surgery,empty,empty,al_scip-card-2
59,10029,east alabama medical center and snf,2000 pepperell parkway,empty,empty,opelika,al,36801,lee,3347493411,acute care hospitals,government - hospital district or authority,yes,surgical infection prevention,scip-vte-1,surgery patients whose doctors ordered treatments to prevent blood clots after certain types of surgeries,92%,473 patients,al_scip-vte-1
60,10032,wedowee hospital,209 north main street,empty,empty,wedowee,al,36278,randolph,2563572111,acute care hospitals,government - local,no,pneumonia,pn-4,pneumonia patients given smoking cessation advice/counseling,67%,6 patients,al_pn-4
61,10018,callahan eye foundation hospital,1720 university blvd,empty,empty,birmingham,al,35233,jefferson,2053258100,acute care hospitals,voluntary non-profit - private,yes,surgical infection prevention,scip-inf-1,surgery patients who were given an antibiotic at the right time (within one hour before surgery) to help prevent infection,empty,empty,al_scip-inf-1
62,10018,callahan eye foundation hospital,1720 university blvd,empty,empty,birmingham,al,35233,jefferson,2053258100,acute care hospitals,voluntary non-profit - private,yes,surgical infection prevention,scip-inf-2,surgery patients who were given the  right kind  of antibiotic to help prevent infection,empty,empty,al_scip-inf-2
63,10018,callahan eye foundation hospital,1720 university blvd,empty,empty,birmingham,al,35233,jefferson,2053258100,acute care hospitals,voluntary non-profit - private,yes,surgical infection prevention,scip-inf-4,all heart surgery patients whose blood sugar (blood glucose) is kept under good control in the days right after surgery,empty,empty,al_scip-inf-4
64,10018,callahan eye foundation hospital,1720 university blvd,empty,empty,birmingham,al,35233,jefferson,2053258100,acute care hospitals,voluntary non-profit - private,yes,surgical infection prevention,scip-inf-6,surgery patients needing hair removed from the surgical area before surgery who had hair removed using a safer method (electric clippers or hair removal cream c not a razor),empty,empty,al_scip-inf-6
65,10018,callahan eye foundation hospital,1720 university blvd,empty,empty,birmingham,al,35233,jefferson,2053258100,acute care hospitals,voluntary non-profit - private,yes,surgical infection prevention,scip-vte-1,surgery patients whose doctors ordered treatments to prevent blood clots after certain types of surgeries,empty,empty,al_scip-vte-1
66,10019,helen keller memorial hospital,1300 south montgomery avenue,empty,empty,sheffield,al,35660,jefferson,2563864556,acute care hospitals,government - hospital district or authority,yes,heart attack,ami-1,heart attack patients given aspirin at arrival,97%,33 patients,al_ami-1
67,10019,helen keller memorial hospital,1300 south montgomery avenue,empty,empty,sheffield,al,35660,jefferson,2563864556,acute care hospitals,government - hospital district or authority,yes,heart attack,ami-2,heart attack patients given aspirin at discharge,92%,13 patients,al_ami-2
68,10019,helen keller memorial hospital,1300 south montgomery avenue,empty,empty,sheffield,al,35660,jefferson,2563864556,acute care hospitals,government - hospital district or authority,yes,heart attack,ami-4,heart attack patients given smoking cessation advice/counseling,100%,4 patients,al_ami-4
69,10019,helen keller memorial hospital,1300 south montgomery avenue,empty,empty,sheffield,al,35660,jefferson,2563864556,acute care hospitals,government - hospital district or authority,yes,heart attack,ami-5,heart attack patients given beta blocker at discharge,86%,14 patients,al_ami-5
70,10019,helen keller memorial hospital,1300 south montgomery avenue,empty,empty,sheffield,al,35660,jefferson,2563864556,acute care hospitals,government - hospital district or authority,yes,heart attack,ami-8a,heart attack patients given pci within 90 minutes of arrival,empty,0 patients,al_ami-8a
71,10019,helen keller memorial hospital,1300 south montgomery avenue,empty,empty,sheffield,al,35660,jefferson,2563864556,acute care hospitals,government - hospital district or authority,yes,heart failure,hf-1,heart failure patients given discharge instructions,80%,114 patients,al_hf-1
72,10019,helen keller memorial hospital,1300 south montgomery avenue,empty,empty,sheffield,al,35660,jefferson,2563864556,acute care hospitals,government - hospital district or authority,yes,heart failure,hf-4,heart failure patients given smoking cessation advice/counseling,100%,41 patients,al_hf-4
73,10001,southeast alabama medical center,1108 ross clark circle,empty,empty,dothan,al,36302,houston,3347938701,acute care hospitals,government - hospital district or authority,yes,heart attack,ami-1,heart attack patients given aspirin at arrival,98%,270 patients,al_ami-1
74,10001,southeast alabama medical center,1108 ross clark circle,empty,empty,dothan,al,36302,houston,3347938701,acute care hospitals,government - hospital district or authority,yes,heart attack,ami-2,heart attack patients given aspirin at discharge,99%,516 patients,al_ami-2
75,10001,southeast alabama medical center,1108 ross clark circle,empty,empty,dothan,al,36302,houston,3347938701,acute care hospitals,government - hospital district or authority,yes,heart attack,ami-5,heart attack patients given beta blocker at discharge,99%,441 patients,al_ami-5
76,10001,southeast alabama medical center,1108 ross clark circle,empty,empty,dothan,al,36302,houston,3347938701,acute care hospitals,government - hospital district or authority,yes,heart attack,ami-8a,heart attack patients given pci within 90 minutes of arrival,72%,40 patients,al_ami-8a
77,10001,southeast alabama medical center,1108 ross clark circle,empty,empty,dothan,al,36302,houston,3347938701,acute care hospitals,government - hospital district or authority,yes,heart failure,hf-3,heart failure patients given ace inhibitor or arb for left ventricular systolic dysfunction (lvsd),91%,165 patients,al_hf-3
78,10001,southeast alabama medical center,1108 ross clark circle,empty,empty,dothan,al,36302,houston,3347938701,acute care hospitals,government - hospital district or authority,yes,heart failure,hf-4,heart failure patients given smoking cessation advice/counseling,100%,110 patients,al_hf-4
79,10001,southeast alabama medical center,1108 ross clark circle,empty,empty,dothan,al,36302,houston,3347938701,acute care hospitals,government - hospital district or authority,yes,pneumonia,pn-2,pneumonia patients assessed and given pneumococcal vaccination,93%,191 patients,al_pn-2
80,10001,southeast alabama medical center,1108 ross clark circle,empty,empty,dothan,al,36302,houston,3347938701,acute care hospitals,government - hospital district or authority,yes,pneumonia,pn-4,pneumonia patients given smoking cessation advice/counseling,99%,107 patients,al_pn-4
81,10001,southeast alabama medical center,1108 ross clark circle,empty,empty,dothan,al,36302,houston,3347938701,acute care hospitals,government - hospital district or authority,yes,pneumonia,pn-5c,pneumonia patients given initial antibiotic(s) within 6 hours after arrival,92%,196 patients,al_pn-5c
82,10001,southeast alabama medical center,1108 ross clark circle,empty,empty,dothan,al,36302,houston,3347938701,acute care hospitals,government - hospital district or authority,yes,pneumonia,pn-6,pneumonia patients given the most appropriate initial antibiotic(s),80%,147 patients,al_pn-6
83,10001,southeast alabama medical center,1108 ross clark circle,empty,empty,dothan,al,36302,houston,3347938701,acute care hospitals,government - hospital district or authority,yes,pneumonia,pn-7,pneumonia patients assessed and given influenza vaccination,84%,160 patients,al_pn-7
84,10001,southeast alabama medical center,1108 ross clark circle,empty,empty,dothan,al,36302,houston,3347938701,acute care hospitals,government - hospital district or authority,yes,surgical infection prevention,scip-inf-1,surgery patients who were given an antibiotic at the right time (within one hour before surgery) to help prevent infection,94%,399 patients,al_scip-inf-1
85,10001,southeast alabama medical center,1108 ross clark circle,empty,empty,dothan,al,36302,houston,3347938701,acute care hospitals,government - hospital district or authority,yes,surgical infection prevention,scip-inf-2,surgery patients who were given the  right kind  of antibiotic to help prevent infection,98%,405 patients,al_scip-inf-2
86,10001,southeast alabama medical center,1108 ross clark circle,empty,empty,dothan,al,36302,houston,3347938701,acute care hospitals,government - hospital district or authority,yes,surgical infection prevention,scip-inf-4,all heart surgery patients whose blood sugar (blood glucose) is kept under good control in the days right after surgery,96%,136 patients,al_scip-inf-4
87,10001,southeast alabama medical center,1108 ross clark circle,empty,empty,dothan,al,36302,houston,3347938701,acute care hospitals,government - hospital district or authority,yes,surgical infection prevention,scip-inf-6,surgery patients needing hair removed from the surgical area before surgery who had hair removed using a safer method (electric clippers or hair removal cream c not a razor),90%,537 patients,al_scip-inf-6
88,10005,marshall medical center south,2505 u s highway 431 north,empty,empty,boaz,al,35957,marshall,2565938310,acute care hospitals,government - hospital district or authority,yes,heart attack,ami-4,heart attack patients given smoking cessation advice/counseling,empty,0 patients,al_ami-4
89,10005,marshall medical center south,2505 u s highway 431 north,empty,empty,boaz,al,35957,marshall,2565938310,acute care hospitals,government - hospital district or authority,yes,heart attack,ami-5,heart attack patients given beta blocker at discharge,100%,5 patients,al_ami-5
90,10005,marshall medical center south,2505 u s highway 431 north,empty,empty,boaz,al,35957,marshall,2565938310,acute care hospitals,government - hospital district or authority,yes,heart attack,ami-7a,heart attack patients given fibrinolytic medication within 30 minutes of arrival,empty,0 patients,al_ami-7a
91,10005,marshall medical center south,2505 u s highway 431 north,empty,empty,boaz,al,35957,marshall,2565938310,acute care hospitals,government - hospital district or authority,yes,heart failure,hf-2,heart failure patients given an evaluation of left ventricular systolic (lvs) function,99%,160 patients,al_hf-2
92,10005,marshall medical center south,2505 u s highway 431 north,empty,empty,boaz,al,35957,marshall,2565938310,acute care hospitals,government - hospital district or authority,yes,heart failure,hf-3,heart failure patients given ace inhibitor or arb for left ventricular systolic dysfunction (lvsd),90%,69 patients,al_hf-3
93,10005,marshall medical center south,2505 u s highway 431 north,empty,empty,boaz,al,35957,marshall,2565938310,acute care hospitals,government - hospital district or authority,yes,heart failure,hf-4,heart failure patients given smoking cessation advice/counseling,94%,34 patients,al_hf-4
94,10005,marshall medical center south,2505 u s highway 431 north,empty,empty,boaz,al,35957,marshall,2565938310,acute care hospitals,government - hospital district or authority,yes,pneumonia,pn-2,pneumonia patients assessed and given pneumococcal vaccination,97%,172 patients,al_pn-2
95,10005,marshall medical center south,2505 u s highway 431 north,empty,empty,boaz,al,35957,marshall,2565938310,acute care hospitals,government - hospital district or authority,yes,pneumonia,pn-5c,pneumonia patients given initial antibiotic(s) within 6 hours after arrival,96%,211 patients,al_pn-5c
96,10005,marshall medical center south,2505 u s highway 431 north,empty,empty,boaz,al,35957,marshall,2565938310,acute care hospitals,government - hospital district or authority,yes,pneumonia,pn-6,pneumonia patients given the most appropriate initial antibiotic(s),92%,175 patients,al_pn-6
97,10005,marshall medical center south,2505 u s highway 431 north,empty,empty,boaz,al,35957,marshall,2565938310,acute care hospitals,government - hospital district or authority,yes,surgical infection prevention,scip-card-2,surgery patients who were taking heart drugs called beta blockers before coming to the hospital who were kept on the beta blockers during the period just before and after their surgery,36%,14 patients,al_scip-card-2
98,10005,marshall medical center south,2505 u s highway 431 north,empty,empty,boaz,al,35957,marshall,2565938310,acute care hospitals,government - hospital district or authority,yes,surgical infection prevention,scip-inf-1,surgery patients who were given an antibiotic at the right time (within one hour before surgery) to help prevent infection,96%,168 patients,al_scip-inf-1
99,10005,marshall medical center south,2505 u s highway 431 north,empty,empty,boaz,al,35957,marshall,2565938310,acute care hospitals,government - hospital district or authority,yes,surgical infection prevention,scip-inf-3,surgery patients whose preventive antibiotics were stopped at the right time (within 24 hours after surgery),95%,158 patients,al_scip-inf-3
100,10005,marshall medical center south,2505 u s highway 431 north,empty,empty,boaz,al,35957,marshall,2565938310,acute care hospitals,government - hospital district or authority,yes,surgical infection prevention,scip-inf-6,surgery patients needing hair removed from the surgical area before surgery who had hair removed using a safer method (electric clippers or hair removal cream c not a razor),100%,237 patients,al_scip-inf-6
