HospitalName,CountyName,City,HospitalType
callahan eye foundation hospital,jefferson,birmingham,acute care hospitals
callahan eye foundation hospital,jefferson,birmingham,acute care hospitals
callahan eye foundation hospital,jefferson,birmingham,acute care hospitals
callahan eye foundation hospital,jefferson,birmingham,acute care hospitals
callahan eye foundation hospital,jefferson,birmingham,acute care hospitals
callahan eye foundation hospital,jefferson,birmingham,acute care hospitals
callahan eye foundation hospital,jefferson,birmingham,acute care hospitals
callahan eye foundation hospital,jefferson,birmingham,acute care hospitals
helen keller memorial hospital,jefferson,sheffield,acute care hospitals
helen keller memorial hospital,jefferson,sheffield,acute care hospitals
helen keller memorial hospital,jefferson,sheffield,acute care hospitals
helen keller memorial hospital,jefferson,sheffield,acute care hospitals
helen keller memorial hospital,jefferson,sheffield,acute care hospitals
helen keller memorial hospital,jefferson,sheffield,acute care hospitals
helen keller memorial hospital,jefferson,sheffield,acute care hospitals
helen keller memorial hospital,jefferson,sheffield,acute care hospitals
helen keller memorial hospital,jefferson,sheffield,acute care hospitals
helen keller memorial hospital,jefferson,sheffield,acute care hospitals
helen keller memorial hospital,jefferson,sheffield,acute care hospitals
southeast alabama medical center,houston,dothan,acute care hospitals
southeast alabama medical center,houston,dothan,acute care hospitals
southeast alabama medical center,houston,dothan,acute care hospitals
southeast alabama medical center,houston,dothan,acute care hospitals
southeast alabama medical center,houston,dothan,acute care hospitals
southeast alabama medical center,houston,dothan,acute care hospitals
southeast alabama medical center,houston,dothan,acute care hospitals
southeast alabama medical center,houston,dothan,acute care hospitals
southeast alabama medical center,houston,dothan,acute care hospitals
southeast alabama medical center,houston,dothan,acute care hospitals
southeast alabama medical center,houston,dothan,acute care hospitals
southeast alabama medical center,houston,dothan,acute care hospitals
southeast alabama medical center,houston,dothan,acute care hospitals
southeast alabama medical center,houston,dothan,acute care hospitals
southeast alabama medical center,houston,dothan,acute care hospitals
southeast alabama medical center,houston,dothan,acute care hospitals
southeast alabama medical center,houston,dothan,acute care hospitals
southeast alabama medical center,houston,dothan,acute care hospitals
southeast alabama medical center,houston,dothan,acute care hospitals
southeast alabama medical center,houston,dothan,acute care hospitals
southeast alabama medical center,houston,dothan,acute care hospitals
